600,,,
Kinetic read 1 (0:00:00),,,
,1,2,3
A,0.065,0.062,0.08
B,0.063,0.064,0.074
C,0.063,0.063,0.077
D,0.062,0.063,0.075
E,0.063,0.062,0.08
F,0.061,0.063,0.076
G,0.063,0.063,0.077
H,0.061,0.065,0.071
,,,
600,,,
Kinetic read 2 (0:03:00),,,
,1,2,3
A,0.066,0.061,0.079
B,0.064,0.064,0.074
C,0.062,0.063,0.078
D,0.062,0.063,0.074
E,0.061,0.062,0.08
F,0.062,0.062,0.075
G,0.063,0.064,0.078
H,0.061,0.063,0.071
,,,
600,,,
Kinetic read 3 (0:06:00),,,
,1,2,3
A,0.066,0.062,0.078
B,0.063,0.065,0.074
C,0.062,0.063,0.078
D,0.062,0.063,0.074
E,0.062,0.063,0.079
F,0.061,0.063,0.074
G,0.063,0.064,0.077
H,0.061,0.063,0.069
,,,
600,,,
Kinetic read 4 (0:09:00),,,
,1,2,3
A,0.067,0.063,0.079
B,0.064,0.066,0.074
C,0.063,0.064,0.079
D,0.063,0.064,0.075
E,0.063,0.063,0.08
F,0.063,0.064,0.074
G,0.064,0.064,0.076
H,0.062,0.064,0.068
,,,
600,,,
Kinetic read 5 (0:12:00),,,
,1,2,3
A,0.068,0.063,0.077
B,0.065,0.067,0.074
C,0.064,0.064,0.08
D,0.063,0.064,0.076
E,0.063,0.064,0.081
F,0.063,0.064,0.073
G,0.065,0.064,0.076
H,0.063,0.064,0.067
,,,
600,,,
Kinetic read 6 (0:15:00),,,
,1,2,3
A,0.069,0.063,0.074
B,0.065,0.067,0.074
C,0.064,0.065,0.081
D,0.063,0.065,0.076
E,0.064,0.065,0.08
F,0.063,0.065,0.073
G,0.065,0.065,0.074
H,0.063,0.065,0.066
,,,
600,,,
Kinetic read 7 (0:18:00),,,
,1,2,3
A,0.07,0.065,0.073
B,0.066,0.067,0.075
C,0.065,0.065,0.082
D,0.064,0.066,0.078
E,0.065,0.065,0.079
F,0.064,0.066,0.07
G,0.066,0.066,0.073
H,0.064,0.066,0.065
,,,
600,,,
Kinetic read 8 (0:21:00),,,
,1,2,3
A,0.071,0.066,0.073
B,0.068,0.068,0.075
C,0.066,0.067,0.087
D,0.066,0.067,0.08
E,0.066,0.067,0.077
F,0.065,0.067,0.07
G,0.067,0.067,0.074
H,0.065,0.067,0.066
,,,
600,,,
Kinetic read 9 (0:24:00),,,
,1,2,3
A,0.072,0.066,0.071
B,0.068,0.069,0.073
C,0.067,0.067,0.09
D,0.066,0.067,0.081
E,0.067,0.067,0.072
F,0.066,0.067,0.069
G,0.068,0.067,0.073
H,0.066,0.067,0.067
,,,
600,,,
Kinetic read 10 (0:27:00),,,
,1,2,3
A,0.074,0.068,0.069
B,0.07,0.07,0.073
C,0.068,0.068,0.094
D,0.067,0.069,0.084
E,0.068,0.068,0.074
F,0.068,0.069,0.07
G,0.07,0.069,0.073
H,0.068,0.069,0.068
,,,
600,,,
Kinetic read 11 (0:30:00),,,
,1,2,3
A,0.076,0.069,0.071
B,0.071,0.071,0.074
C,0.07,0.07,0.098
D,0.069,0.07,0.086
E,0.07,0.069,0.074
F,0.069,0.07,0.072
G,0.071,0.07,0.071
H,0.069,0.07,0.07
,,,
600,,,
Kinetic read 12 (0:33:00),,,
,1,2,3
A,0.077,0.071,0.073
B,0.073,0.072,0.073
C,0.071,0.071,0.098
D,0.07,0.071,0.086
E,0.071,0.07,0.074
F,0.07,0.07,0.073
G,0.072,0.071,0.072
H,0.071,0.071,0.071
,,,
600,,,
Kinetic read 13 (0:36:00),,,
,1,2,3
A,0.077,0.071,0.074
B,0.074,0.073,0.074
C,0.072,0.071,0.096
D,0.071,0.072,0.087
E,0.071,0.071,0.074
F,0.071,0.071,0.074
G,0.073,0.072,0.073
H,0.071,0.072,0.072
,,,
600,,,
Kinetic read 14 (0:39:00),,,
,1,2,3
A,0.079,0.072,0.075
B,0.075,0.074,0.075
C,0.073,0.073,0.095
D,0.072,0.073,0.088
E,0.073,0.073,0.075
F,0.072,0.073,0.075
G,0.075,0.073,0.074
H,0.072,0.073,0.074
,,,
600,,,
Kinetic read 15 (0:42:00),,,
,1,2,3
A,0.081,0.073,0.076
B,0.076,0.074,0.077
C,0.074,0.074,0.094
D,0.073,0.073,0.089
E,0.074,0.073,0.077
F,0.073,0.074,0.077
G,0.075,0.073,0.076
H,0.074,0.074,0.075
,,,
600,,,
Kinetic read 16 (0:45:00),,,
,1,2,3
A,0.083,0.074,0.077
B,0.078,0.075,0.078
C,0.076,0.075,0.091
D,0.074,0.075,0.09
E,0.075,0.074,0.078
F,0.075,0.074,0.078
G,0.077,0.075,0.077
H,0.075,0.074,0.077
,,,
600,,,
Kinetic read 17 (0:48:00),,,
,1,2,3
A,0.084,0.074,0.079
B,0.079,0.075,0.078
C,0.078,0.075,0.092
D,0.075,0.075,0.09
E,0.077,0.075,0.078
F,0.076,0.075,0.079
G,0.078,0.075,0.078
H,0.076,0.075,0.079
,,,
600,,,
Kinetic read 18 (0:51:00),,,
,1,2,3
A,0.086,0.073,0.08
B,0.08,0.075,0.079
C,0.078,0.075,0.091
D,0.076,0.075,0.087
E,0.078,0.075,0.079
F,0.077,0.075,0.08
G,0.079,0.076,0.079
H,0.077,0.075,0.079
,,,
600,,,
Kinetic read 19 (0:54:00),,,
,1,2,3
A,0.087,0.074,0.082
B,0.082,0.075,0.081
C,0.08,0.076,0.092
D,0.078,0.076,0.084
E,0.079,0.076,0.079
F,0.078,0.076,0.081
G,0.081,0.076,0.08
H,0.079,0.076,0.081
,,,
600,,,
Kinetic read 20 (0:57:00),,,
,1,2,3
A,0.089,0.074,0.084
B,0.083,0.075,0.082
C,0.081,0.075,0.092
D,0.079,0.077,0.085
E,0.081,0.075,0.081
F,0.08,0.076,0.083
G,0.082,0.076,0.082
H,0.08,0.075,0.082
,,,
600,,,
Kinetic read 21 (1:00:00),,,
,1,2,3
A,0.091,0.073,0.085
B,0.084,0.074,0.084
C,0.083,0.075,0.094
D,0.081,0.076,0.086
E,0.082,0.075,0.082
F,0.081,0.075,0.085
G,0.084,0.076,0.083
H,0.082,0.075,0.083
,,,
600,,,
Kinetic read 22 (1:03:00),,,
,1,2,3
A,0.092,0.073,0.086
B,0.087,0.074,0.085
C,0.085,0.075,0.095
D,0.082,0.076,0.088
E,0.084,0.075,0.083
F,0.083,0.075,0.086
G,0.085,0.075,0.085
H,0.084,0.074,0.085
,,,
600,,,
Kinetic read 23 (1:06:00),,,
,1,2,3
A,0.095,0.072,0.088
B,0.088,0.074,0.087
C,0.086,0.074,0.096
D,0.084,0.074,0.089
E,0.086,0.074,0.085
F,0.085,0.074,0.088
G,0.087,0.075,0.086
H,0.085,0.074,0.086
,,,
600,,,
Kinetic read 24 (1:09:00),,,
,1,2,3
A,0.097,0.071,0.089
B,0.091,0.073,0.088
C,0.088,0.073,0.096
D,0.086,0.074,0.091
E,0.088,0.074,0.087
F,0.087,0.074,0.09
G,0.089,0.074,0.088
H,0.087,0.073,0.088
,,,
600,,,
Kinetic read 25 (1:12:00),,,
,1,2,3
A,0.099,0.071,0.091
B,0.092,0.072,0.091
C,0.09,0.072,0.095
D,0.087,0.073,0.093
E,0.089,0.073,0.088
F,0.088,0.073,0.091
G,0.09,0.073,0.09
H,0.089,0.072,0.09
,,,
600,,,
Kinetic read 26 (1:15:00),,,
,1,2,3
A,0.102,0.07,0.093
B,0.094,0.072,0.091
C,0.092,0.073,0.096
D,0.09,0.073,0.094
E,0.091,0.072,0.09
F,0.09,0.072,0.093
G,0.092,0.073,0.091
H,0.091,0.072,0.091
,,,
600,,,
Kinetic read 27 (1:18:00),,,
,1,2,3
A,0.104,0.069,0.093
B,0.096,0.071,0.093
C,0.094,0.072,0.095
D,0.091,0.072,0.095
E,0.092,0.071,0.091
F,0.092,0.071,0.093
G,0.094,0.072,0.093
H,0.093,0.071,0.092
,,,
600,,,
Kinetic read 28 (1:21:00),,,
,1,2,3
A,0.106,0.068,0.096
B,0.097,0.069,0.095
C,0.096,0.07,0.094
D,0.092,0.071,0.097
E,0.094,0.07,0.092
F,0.094,0.071,0.095
G,0.096,0.071,0.094
H,0.095,0.07,0.093
,,,
600,,,
Kinetic read 29 (1:24:00),,,
,1,2,3
A,0.109,0.067,0.097
B,0.1,0.07,0.097
C,0.098,0.07,0.096
D,0.095,0.071,0.099
E,0.097,0.07,0.094
F,0.095,0.07,0.096
G,0.098,0.07,0.095
H,0.097,0.07,0.095
,,,
600,,,
Kinetic read 30 (1:27:00),,,
,1,2,3
A,0.111,0.067,0.098
B,0.102,0.069,0.098
C,0.099,0.069,0.097
D,0.096,0.07,0.1
E,0.099,0.069,0.095
F,0.097,0.07,0.099
G,0.1,0.07,0.097
H,0.099,0.07,0.097
,,,
600,,,
Kinetic read 31 (1:30:00),,,
,1,2,3
A,0.114,0.066,0.1
B,0.104,0.068,0.1
C,0.102,0.069,0.099
D,0.098,0.069,0.102
E,0.1,0.069,0.096
F,0.099,0.069,0.099
G,0.101,0.069,0.098
H,0.101,0.069,0.098
,,,
600,,,
Kinetic read 32 (1:33:00),,,
,1,2,3
A,0.116,0.066,0.101
B,0.105,0.068,0.101
C,0.103,0.068,0.1
D,0.1,0.069,0.103
E,0.103,0.068,0.097
F,0.1,0.069,0.101
G,0.104,0.068,0.099
H,0.102,0.068,0.099
,,,
600,,,
Kinetic read 33 (1:36:00),,,
,1,2,3
A,0.119,0.066,0.102
B,0.108,0.067,0.102
C,0.105,0.068,0.101
D,0.102,0.069,0.105
E,0.104,0.068,0.099
F,0.103,0.068,0.102
G,0.105,0.069,0.101
H,0.105,0.068,0.101
,,,
600,,,
Kinetic read 34 (1:39:00),,,
,1,2,3
A,0.121,0.065,0.104
B,0.11,0.067,0.103
C,0.108,0.068,0.102
D,0.104,0.068,0.104
E,0.106,0.067,0.1
F,0.105,0.068,0.103
G,0.107,0.068,0.102
H,0.106,0.068,0.102
,,,
600,,,
Kinetic read 35 (1:42:00),,,
,1,2,3
A,0.122,0.065,0.104
B,0.112,0.067,0.104
C,0.11,0.067,0.103
D,0.107,0.068,0.105
E,0.108,0.067,0.101
F,0.107,0.068,0.105
G,0.109,0.067,0.103
H,0.109,0.067,0.103
,,,
600,,,
Kinetic read 36 (1:45:00),,,
,1,2,3
A,0.124,0.065,0.105
B,0.114,0.066,0.105
C,0.111,0.067,0.104
D,0.108,0.067,0.106
E,0.111,0.067,0.102
F,0.109,0.067,0.106
G,0.111,0.067,0.105
H,0.111,0.067,0.104
,,,
600,,,
Kinetic read 37 (1:48:00),,,
,1,2,3
A,0.126,0.065,0.107
B,0.116,0.066,0.107
C,0.114,0.066,0.105
D,0.11,0.067,0.108
E,0.113,0.066,0.103
F,0.111,0.067,0.107
G,0.113,0.067,0.105
H,0.112,0.067,0.105
,,,
600,,,
Kinetic read 38 (1:51:00),,,
,1,2,3
A,0.128,0.065,0.108
B,0.119,0.066,0.107
C,0.116,0.066,0.107
D,0.113,0.067,0.109
E,0.115,0.066,0.104
F,0.113,0.066,0.109
G,0.115,0.067,0.108
H,0.115,0.067,0.107
,,,
600,,,
Kinetic read 39 (1:54:00),,,
,1,2,3
A,0.13,0.064,0.109
B,0.12,0.066,0.109
C,0.117,0.066,0.108
D,0.114,0.066,0.11
E,0.117,0.066,0.105
F,0.116,0.066,0.11
G,0.118,0.066,0.108
H,0.117,0.066,0.108
,,,
600,,,
Kinetic read 40 (1:57:00),,,
,1,2,3
A,0.131,0.065,0.111
B,0.122,0.066,0.111
C,0.12,0.066,0.109
D,0.118,0.067,0.112
E,0.12,0.066,0.107
F,0.117,0.067,0.111
G,0.12,0.067,0.109
H,0.12,0.067,0.11
,,,
600,,,
Kinetic read 41 (2:00:00),,,
,1,2,3
A,0.132,0.064,0.111
B,0.123,0.066,0.111
C,0.121,0.066,0.11
D,0.119,0.067,0.112
E,0.121,0.066,0.108
F,0.119,0.066,0.112
G,0.122,0.066,0.11
H,0.122,0.066,0.11
,,,
600,,,
Kinetic read 42 (2:03:00),,,
,1,2,3
A,0.135,0.064,0.112
B,0.124,0.065,0.112
C,0.122,0.065,0.111
D,0.121,0.066,0.113
E,0.123,0.066,0.109
F,0.121,0.066,0.113
G,0.124,0.066,0.112
H,0.123,0.066,0.112
,,,
600,,,
Kinetic read 43 (2:06:00),,,
,1,2,3
A,0.136,0.064,0.114
B,0.126,0.066,0.114
C,0.125,0.066,0.112
D,0.123,0.067,0.115
E,0.125,0.065,0.111
F,0.123,0.066,0.115
G,0.125,0.066,0.113
H,0.126,0.067,0.113
,,,
600,,,
Kinetic read 44 (2:09:00),,,
,1,2,3
A,0.137,0.064,0.114
B,0.127,0.065,0.114
C,0.125,0.065,0.113
D,0.123,0.066,0.116
E,0.125,0.065,0.111
F,0.123,0.065,0.115
G,0.126,0.065,0.113
H,0.126,0.065,0.113
,,,
600,,,
Kinetic read 45 (2:12:00),,,
,1,2,3
A,0.139,0.064,0.115
B,0.128,0.065,0.116
C,0.127,0.065,0.114
D,0.125,0.066,0.117
E,0.127,0.065,0.112
F,0.125,0.066,0.117
G,0.128,0.066,0.116
H,0.128,0.066,0.115
,,,
600,,,
Kinetic read 46 (2:15:00),,,
,1,2,3
A,0.139,0.064,0.116
B,0.13,0.065,0.116
C,0.128,0.065,0.115
D,0.127,0.066,0.118
E,0.128,0.065,0.114
F,0.126,0.065,0.118
G,0.129,0.065,0.117
H,0.13,0.065,0.116
,,,
600,,,
Kinetic read 47 (2:18:00),,,
,1,2,3
A,0.139,0.063,0.116
B,0.13,0.064,0.117
C,0.129,0.064,0.116
D,0.128,0.066,0.118
E,0.13,0.065,0.114
F,0.127,0.065,0.119
G,0.13,0.065,0.117
H,0.131,0.065,0.117
,,,
600,,,
Kinetic read 48 (2:21:00),,,
,1,2,3
A,0.142,0.064,0.118
B,0.132,0.065,0.118
C,0.131,0.065,0.117
D,0.129,0.066,0.12
E,0.131,0.065,0.116
F,0.129,0.065,0.12
G,0.132,0.065,0.119
H,0.132,0.066,0.118
,,,
600,,,
Kinetic read 49 (2:24:00),,,
,1,2,3
A,0.142,0.063,0.119
B,0.132,0.064,0.119
C,0.131,0.065,0.118
D,0.13,0.066,0.121
E,0.131,0.064,0.116
F,0.129,0.065,0.121
G,0.133,0.065,0.119
H,0.133,0.065,0.119
,,,
600,,,
Kinetic read 50 (2:27:00),,,
,1,2,3
A,0.143,0.063,0.119
B,0.134,0.065,0.119
C,0.133,0.065,0.119
D,0.131,0.065,0.122
E,0.133,0.065,0.118
F,0.131,0.065,0.122
G,0.134,0.065,0.121
H,0.135,0.066,0.12
,,,
600,,,
Kinetic read 51 (2:30:00),,,
,1,2,3
A,0.145,0.063,0.121
B,0.135,0.065,0.122
C,0.134,0.065,0.12
D,0.133,0.066,0.123
E,0.135,0.065,0.118
F,0.132,0.065,0.123
G,0.135,0.066,0.122
H,0.136,0.066,0.122
,,,
600,,,
Kinetic read 52 (2:33:00),,,
,1,2,3
A,0.145,0.063,0.121
B,0.135,0.064,0.122
C,0.134,0.065,0.12
D,0.134,0.066,0.123
E,0.136,0.064,0.119
F,0.133,0.064,0.124
G,0.136,0.065,0.123
H,0.136,0.065,0.123
,,,
600,,,
Kinetic read 53 (2:36:00),,,
,1,2,3
A,0.146,0.063,0.122
B,0.137,0.065,0.123
C,0.136,0.065,0.121
D,0.135,0.066,0.125
E,0.136,0.065,0.12
F,0.135,0.065,0.126
G,0.138,0.066,0.124
H,0.139,0.066,0.123
,,,
600,,,
Kinetic read 54 (2:39:00),,,
,1,2,3
A,0.147,0.063,0.123
B,0.138,0.065,0.124
C,0.136,0.065,0.123
D,0.136,0.065,0.126
E,0.138,0.065,0.121
F,0.135,0.065,0.126
G,0.138,0.066,0.125
H,0.14,0.066,0.124
,,,
600,,,
Kinetic read 55 (2:42:00),,,
,1,2,3
A,0.147,0.064,0.124
B,0.139,0.065,0.125
C,0.138,0.065,0.123
D,0.136,0.065,0.127
E,0.139,0.064,0.122
F,0.136,0.065,0.127
G,0.14,0.065,0.127
H,0.141,0.066,0.125
,,,
600,,,
Kinetic read 56 (2:45:00),,,
,1,2,3
A,0.149,0.064,0.125
B,0.14,0.065,0.126
C,0.139,0.065,0.125
D,0.137,0.066,0.128
E,0.139,0.065,0.123
F,0.138,0.065,0.129
G,0.141,0.066,0.128
H,0.143,0.066,0.126
,,,
600,,,
Kinetic read 57 (2:48:00),,,
,1,2,3
A,0.149,0.063,0.126
B,0.141,0.065,0.127
C,0.14,0.065,0.126
D,0.138,0.065,0.129
E,0.14,0.065,0.123
F,0.139,0.065,0.129
G,0.142,0.066,0.128
H,0.143,0.066,0.127
,,,
600,,,
Kinetic read 58 (2:51:00),,,
,1,2,3
A,0.15,0.064,0.127
B,0.141,0.065,0.128
C,0.141,0.065,0.127
D,0.139,0.066,0.13
E,0.141,0.065,0.125
F,0.14,0.065,0.13
G,0.143,0.066,0.13
H,0.144,0.066,0.128
,,,
600,,,
Kinetic read 59 (2:54:00),,,
,1,2,3
A,0.151,0.063,0.128
B,0.143,0.065,0.129
C,0.142,0.065,0.128
D,0.14,0.066,0.13
E,0.143,0.065,0.125
F,0.14,0.065,0.131
G,0.143,0.065,0.131
H,0.145,0.066,0.129
,,,
600,,,
Kinetic read 60 (2:57:00),,,
,1,2,3
A,0.151,0.064,0.129
B,0.143,0.065,0.13
C,0.143,0.066,0.129
D,0.14,0.066,0.132
E,0.143,0.066,0.127
F,0.142,0.066,0.133
G,0.144,0.066,0.132
H,0.145,0.066,0.13
,,,
600,,,
Kinetic read 61 (3:00:00),,,
,1,2,3
A,0.152,0.064,0.129
B,0.144,0.065,0.131
C,0.143,0.066,0.13
D,0.141,0.066,0.132
E,0.144,0.065,0.127
F,0.142,0.066,0.132
G,0.145,0.066,0.132
H,0.147,0.067,0.13
,,,
600,,,
Kinetic read 62 (3:03:00),,,
,1,2,3
A,0.152,0.064,0.13
B,0.145,0.065,0.131
C,0.144,0.065,0.13
D,0.142,0.066,0.133
E,0.145,0.065,0.127
F,0.143,0.065,0.134
G,0.146,0.066,0.133
H,0.147,0.066,0.13
,,,
600,,,
Kinetic read 63 (3:06:00),,,
,1,2,3
A,0.152,0.064,0.131
B,0.145,0.066,0.132
C,0.145,0.066,0.131
D,0.143,0.066,0.134
E,0.145,0.066,0.129
F,0.144,0.065,0.134
G,0.146,0.066,0.133
H,0.147,0.067,0.131
,,,
600,,,
Kinetic read 64 (3:09:00),,,
,1,2,3
A,0.153,0.065,0.131
B,0.145,0.066,0.134
C,0.145,0.066,0.132
D,0.144,0.067,0.135
E,0.146,0.066,0.131
F,0.145,0.066,0.135
G,0.148,0.067,0.134
H,0.149,0.067,0.133
,,,
600,,,
Kinetic read 65 (3:12:00),,,
,1,2,3
A,0.153,0.065,0.132
B,0.145,0.066,0.134
C,0.145,0.066,0.132
D,0.144,0.067,0.137
E,0.146,0.066,0.131
F,0.145,0.066,0.136
G,0.148,0.067,0.135
H,0.148,0.067,0.133
,,,
600,,,
Kinetic read 66 (3:15:00),,,
,1,2,3
A,0.154,0.065,0.132
B,0.146,0.066,0.135
C,0.146,0.067,0.134
D,0.145,0.067,0.137
E,0.147,0.066,0.132
F,0.145,0.066,0.137
G,0.148,0.067,0.136
H,0.148,0.067,0.135
,,,
600,,,
Kinetic read 67 (3:18:00),,,
,1,2,3
A,0.153,0.066,0.133
B,0.146,0.066,0.136
C,0.145,0.066,0.134
D,0.144,0.067,0.137
E,0.147,0.066,0.133
F,0.146,0.067,0.137
G,0.149,0.067,0.137
H,0.148,0.067,0.134
,,,
600,,,
Kinetic read 68 (3:21:00),,,
,1,2,3
A,0.154,0.066,0.134
B,0.148,0.067,0.136
C,0.146,0.067,0.135
D,0.145,0.068,0.139
E,0.148,0.067,0.133
F,0.147,0.067,0.138
G,0.15,0.068,0.138
H,0.149,0.068,0.136
,,,
600,,,
Kinetic read 69 (3:24:00),,,
,1,2,3
A,0.154,0.066,0.135
B,0.148,0.067,0.137
C,0.146,0.067,0.136
D,0.145,0.068,0.138
E,0.148,0.067,0.134
F,0.147,0.067,0.139
G,0.149,0.068,0.138
H,0.149,0.068,0.136
,,,
600,,,
Kinetic read 70 (3:27:00),,,
,1,2,3
A,0.154,0.066,0.135
B,0.148,0.067,0.138
C,0.147,0.068,0.136
D,0.145,0.068,0.139
E,0.15,0.067,0.135
F,0.147,0.067,0.14
G,0.149,0.068,0.139
H,0.15,0.068,0.137
,,,
600,,,
Kinetic read 71 (3:30:00),,,
,1,2,3
A,0.154,0.067,0.136
B,0.148,0.068,0.139
C,0.146,0.067,0.136
D,0.145,0.068,0.14
E,0.149,0.067,0.135
F,0.146,0.068,0.14
G,0.149,0.068,0.14
H,0.149,0.069,0.137
,,,
600,,,
Kinetic read 72 (3:33:00),,,
,1,2,3
A,0.155,0.067,0.136
B,0.148,0.068,0.139
C,0.147,0.069,0.138
D,0.145,0.069,0.142
E,0.148,0.068,0.136
F,0.147,0.068,0.141
G,0.149,0.069,0.141
H,0.149,0.07,0.139
,,,
600,,,
Kinetic read 73 (3:36:00),,,
,1,2,3
A,0.155,0.067,0.137
B,0.148,0.068,0.14
C,0.147,0.068,0.139
D,0.144,0.069,0.142
E,0.148,0.068,0.137
F,0.146,0.068,0.142
G,0.148,0.069,0.141
H,0.149,0.069,0.138
,,,
600,,,
Kinetic read 74 (3:39:00),,,
,1,2,3
A,0.155,0.067,0.137
B,0.149,0.069,0.14
C,0.146,0.069,0.139
D,0.144,0.069,0.143
E,0.148,0.068,0.138
F,0.146,0.068,0.143
G,0.148,0.069,0.142
H,0.149,0.07,0.14
,,,
600,,,
Kinetic read 75 (3:42:00),,,
,1,2,3
A,0.156,0.068,0.138
B,0.148,0.069,0.141
C,0.146,0.069,0.14
D,0.145,0.07,0.144
E,0.148,0.069,0.138
F,0.146,0.069,0.143
G,0.148,0.07,0.143
H,0.149,0.071,0.141
,,,
600,,,
Kinetic read 76 (3:45:00),,,
,1,2,3
A,0.155,0.069,0.138
B,0.148,0.069,0.142
C,0.147,0.07,0.14
D,0.145,0.07,0.144
E,0.148,0.069,0.14
F,0.145,0.069,0.144
G,0.148,0.07,0.144
H,0.149,0.071,0.141
,,,
600,,,
Kinetic read 77 (3:48:00),,,
,1,2,3
A,0.155,0.069,0.139
B,0.148,0.07,0.142
C,0.147,0.07,0.14
D,0.143,0.071,0.144
E,0.148,0.069,0.139
F,0.145,0.07,0.144
G,0.147,0.07,0.144
H,0.148,0.071,0.142
,,,
600,,,
Kinetic read 78 (3:51:00),,,
,1,2,3
A,0.156,0.069,0.14
B,0.148,0.07,0.142
C,0.147,0.07,0.141
D,0.143,0.071,0.144
E,0.147,0.07,0.14
F,0.145,0.07,0.145
G,0.147,0.07,0.144
H,0.147,0.072,0.142
,,,
600,,,
Kinetic read 79 (3:54:00),,,
,1,2,3
A,0.155,0.07,0.139
B,0.147,0.071,0.142
C,0.146,0.071,0.142
D,0.144,0.071,0.145
E,0.147,0.07,0.14
F,0.143,0.071,0.145
G,0.147,0.071,0.145
H,0.146,0.072,0.143
,,,
600,,,
Kinetic read 80 (3:57:00),,,
,1,2,3
A,0.156,0.07,0.14
B,0.147,0.071,0.143
C,0.146,0.071,0.143
D,0.143,0.072,0.145
E,0.147,0.071,0.141
F,0.143,0.071,0.146
G,0.146,0.071,0.145
H,0.146,0.072,0.143
,,,
600,,,
Kinetic read 81 (4:00:00),,,
,1,2,3
A,0.156,0.071,0.141
B,0.146,0.072,0.145
C,0.145,0.072,0.144
D,0.143,0.073,0.147
E,0.147,0.072,0.142
F,0.143,0.072,0.146
G,0.146,0.072,0.146
H,0.146,0.073,0.144
,,,
600,,,
Kinetic read 82 (4:03:00),,,
,1,2,3
A,0.157,0.072,0.141
B,0.146,0.073,0.145
C,0.145,0.073,0.144
D,0.142,0.074,0.147
E,0.147,0.072,0.143
F,0.142,0.072,0.147
G,0.145,0.074,0.147
H,0.144,0.074,0.145
,,,
600,,,
Kinetic read 83 (4:06:00),,,
,1,2,3
A,0.156,0.073,0.141
B,0.145,0.073,0.145
C,0.144,0.074,0.144
D,0.142,0.074,0.148
E,0.146,0.072,0.143
F,0.142,0.073,0.147
G,0.144,0.074,0.147
H,0.142,0.075,0.145
,,,
600,,,
Kinetic read 84 (4:09:00),,,
,1,2,3
A,0.157,0.073,0.142
B,0.144,0.074,0.146
C,0.143,0.074,0.144
D,0.141,0.075,0.148
E,0.145,0.073,0.143
F,0.14,0.074,0.147
G,0.142,0.075,0.147
H,0.143,0.075,0.145
,,,
600,,,
Kinetic read 85 (4:12:00),,,
,1,2,3
A,0.156,0.074,0.142
B,0.144,0.075,0.145
C,0.143,0.075,0.144
D,0.14,0.075,0.149
E,0.145,0.074,0.143
F,0.14,0.074,0.148
G,0.143,0.076,0.148
H,0.142,0.076,0.146
,,,
600,,,
Kinetic read 86 (4:15:00),,,
,1,2,3
A,0.157,0.074,0.142
B,0.144,0.075,0.146
C,0.143,0.076,0.144
D,0.139,0.076,0.149
E,0.144,0.074,0.144
F,0.14,0.075,0.148
G,0.142,0.075,0.148
H,0.14,0.077,0.146
,,,
600,,,
Kinetic read 87 (4:18:00),,,
,1,2,3
A,0.156,0.075,0.142
B,0.143,0.076,0.146
C,0.141,0.077,0.145
D,0.139,0.076,0.15
E,0.144,0.075,0.144
F,0.139,0.076,0.148
G,0.141,0.076,0.148
H,0.14,0.078,0.147
,,,
600,,,
Kinetic read 88 (4:21:00),,,
,1,2,3
A,0.156,0.075,0.142
B,0.142,0.076,0.146
C,0.141,0.076,0.145
D,0.138,0.077,0.149
E,0.142,0.075,0.144
F,0.138,0.076,0.149
G,0.14,0.076,0.147
H,0.139,0.078,0.147
,,,
600,,,
Kinetic read 89 (4:24:00),,,
,1,2,3
A,0.156,0.077,0.142
B,0.142,0.077,0.147
C,0.141,0.078,0.146
D,0.137,0.078,0.15
E,0.142,0.077,0.145
F,0.138,0.077,0.149
G,0.14,0.077,0.149
H,0.138,0.079,0.147
,,,
600,,,
Kinetic read 90 (4:27:00),,,
,1,2,3
A,0.157,0.077,0.144
B,0.141,0.078,0.147
C,0.14,0.079,0.147
D,0.138,0.078,0.15
E,0.141,0.077,0.146
F,0.137,0.078,0.15
G,0.139,0.077,0.149
H,0.137,0.08,0.147
,,,
600,,,
Kinetic read 91 (4:30:00),,,
,1,2,3
A,0.156,0.078,0.144
B,0.14,0.079,0.147
C,0.139,0.08,0.147
D,0.137,0.08,0.151
E,0.141,0.078,0.146
F,0.136,0.079,0.15
G,0.139,0.079,0.15
H,0.137,0.081,0.148
,,,
600,,,
Kinetic read 92 (4:33:00),,,
,1,2,3
A,0.157,0.079,0.144
B,0.14,0.079,0.147
C,0.138,0.08,0.148
D,0.136,0.08,0.151
E,0.14,0.079,0.146
F,0.135,0.08,0.15
G,0.137,0.079,0.15
H,0.136,0.081,0.149
,,,
600,,,
Kinetic read 93 (4:36:00),,,
,1,2,3
A,0.157,0.08,0.143
B,0.14,0.081,0.148
C,0.138,0.081,0.147
D,0.136,0.081,0.151
E,0.138,0.079,0.147
F,0.134,0.08,0.149
G,0.136,0.08,0.15
H,0.134,0.082,0.149
,,,
600,,,
Kinetic read 94 (4:39:00),,,
,1,2,3
A,0.156,0.081,0.144
B,0.139,0.082,0.148
C,0.138,0.082,0.148
D,0.134,0.082,0.151
E,0.138,0.081,0.147
F,0.134,0.081,0.15
G,0.135,0.081,0.15
H,0.134,0.083,0.149
,,,
600,,,
Kinetic read 95 (4:42:00),,,
,1,2,3
A,0.156,0.081,0.144
B,0.137,0.082,0.148
C,0.136,0.082,0.148
D,0.135,0.083,0.151
E,0.138,0.081,0.147
F,0.132,0.082,0.15
G,0.134,0.082,0.15
H,0.133,0.084,0.149
,,,
600,,,
Kinetic read 96 (4:45:00),,,
,1,2,3
A,0.156,0.083,0.145
B,0.137,0.083,0.148
C,0.136,0.084,0.149
D,0.133,0.083,0.152
E,0.137,0.082,0.148
F,0.132,0.083,0.151
G,0.134,0.083,0.151
H,0.132,0.085,0.15
,,,
600,,,
Kinetic read 97 (4:48:00),,,
,1,2,3
A,0.156,0.084,0.145
B,0.137,0.085,0.149
C,0.135,0.085,0.149
D,0.133,0.085,0.152
E,0.137,0.084,0.148
F,0.131,0.084,0.151
G,0.133,0.084,0.151
H,0.131,0.086,0.15
,,,
600,,,
Kinetic read 98 (4:51:00),,,
,1,2,3
A,0.157,0.085,0.145
B,0.137,0.086,0.149
C,0.135,0.086,0.15
D,0.133,0.086,0.152
E,0.136,0.085,0.148
F,0.131,0.085,0.152
G,0.133,0.085,0.152
H,0.131,0.087,0.151
,,,
600,,,
Kinetic read 99 (4:54:00),,,
,1,2,3
A,0.156,0.086,0.145
B,0.136,0.087,0.15
C,0.135,0.087,0.149
D,0.132,0.087,0.152
E,0.135,0.086,0.148
F,0.129,0.086,0.152
G,0.132,0.086,0.151
H,0.13,0.088,0.152
,,,
600,,,
Kinetic read 100 (4:57:00),,,
,1,2,3
A,0.156,0.087,0.146
B,0.135,0.089,0.15
C,0.134,0.089,0.15
D,0.132,0.089,0.153
E,0.136,0.086,0.149
F,0.129,0.087,0.152
G,0.131,0.088,0.152
H,0.129,0.089,0.152
,,,
600,,,
Kinetic read 101 (5:00:00),,,
,1,2,3
A,0.156,0.088,0.146
B,0.135,0.089,0.15
C,0.133,0.089,0.15
D,0.13,0.09,0.153
E,0.134,0.087,0.149
F,0.128,0.089,0.152
G,0.13,0.088,0.152
H,0.128,0.09,0.152
,,,
600,,,
Kinetic read 102 (5:03:00),,,
,1,2,3
A,0.156,0.09,0.147
B,0.134,0.091,0.15
C,0.133,0.091,0.151
D,0.13,0.091,0.154
E,0.134,0.089,0.15
F,0.128,0.089,0.153
G,0.129,0.09,0.153
H,0.128,0.092,0.152
,,,
600,,,
Kinetic read 103 (5:06:00),,,
,1,2,3
A,0.156,0.091,0.148
B,0.135,0.092,0.152
C,0.132,0.093,0.151
D,0.13,0.092,0.155
E,0.134,0.09,0.151
F,0.127,0.092,0.154
G,0.129,0.091,0.154
H,0.128,0.093,0.153
,,,
600,,,
Kinetic read 104 (5:09:00),,,
,1,2,3
A,0.156,0.092,0.147
B,0.134,0.094,0.152
C,0.132,0.094,0.152
D,0.13,0.093,0.154
E,0.133,0.092,0.15
F,0.127,0.092,0.154
G,0.129,0.092,0.154
H,0.127,0.095,0.154
,,,
600,,,
Kinetic read 105 (5:12:00),,,
,1,2,3
A,0.156,0.094,0.148
B,0.134,0.095,0.151
C,0.131,0.095,0.153
D,0.129,0.095,0.155
E,0.133,0.093,0.151
F,0.126,0.094,0.155
G,0.127,0.093,0.154
H,0.126,0.095,0.153
,,,
600,,,
Kinetic read 106 (5:15:00),,,
,1,2,3
A,0.156,0.095,0.148
B,0.133,0.096,0.152
C,0.131,0.097,0.152
D,0.128,0.096,0.155
E,0.132,0.095,0.152
F,0.126,0.095,0.155
G,0.126,0.095,0.155
H,0.126,0.097,0.154
,,,
600,,,
Kinetic read 107 (5:18:00),,,
,1,2,3
A,0.156,0.096,0.148
B,0.133,0.097,0.152
C,0.13,0.098,0.153
D,0.128,0.097,0.156
E,0.132,0.095,0.152
F,0.126,0.097,0.155
G,0.127,0.096,0.155
H,0.126,0.099,0.155
,,,
600,,,
Kinetic read 108 (5:21:00),,,
,1,2,3
A,0.155,0.098,0.148
B,0.132,0.099,0.152
C,0.129,0.099,0.153
D,0.127,0.099,0.156
E,0.132,0.096,0.152
F,0.125,0.098,0.155
G,0.125,0.097,0.155
H,0.126,0.1,0.155
,,,
600,,,
Kinetic read 109 (5:24:00),,,
,1,2,3
A,0.156,0.099,0.148
B,0.132,0.1,0.153
C,0.13,0.101,0.153
D,0.128,0.101,0.156
E,0.132,0.098,0.153
F,0.125,0.1,0.156
G,0.126,0.099,0.156
H,0.125,0.102,0.155
,,,
600,,,
Kinetic read 110 (5:27:00),,,
,1,2,3
A,0.155,0.101,0.148
B,0.131,0.102,0.153
C,0.129,0.103,0.154
D,0.127,0.102,0.156
E,0.131,0.1,0.154
F,0.124,0.1,0.155
G,0.125,0.101,0.156
H,0.125,0.103,0.155
,,,
600,,,
Kinetic read 111 (5:30:00),,,
,1,2,3
A,0.155,0.103,0.15
B,0.132,0.104,0.153
C,0.129,0.104,0.154
D,0.127,0.104,0.157
E,0.132,0.101,0.154
F,0.124,0.103,0.156
G,0.125,0.102,0.156
H,0.125,0.105,0.156
,,,
600,,,
Kinetic read 112 (5:33:00),,,
,1,2,3
A,0.155,0.104,0.15
B,0.132,0.105,0.154
C,0.129,0.106,0.154
D,0.128,0.105,0.156
E,0.132,0.103,0.154
F,0.124,0.104,0.157
G,0.125,0.104,0.156
H,0.125,0.106,0.156
,,,
600,,,
Kinetic read 113 (5:36:00),,,
,1,2,3
A,0.156,0.106,0.15
B,0.132,0.107,0.155
C,0.129,0.108,0.154
D,0.128,0.107,0.157
E,0.132,0.105,0.155
F,0.124,0.106,0.157
G,0.125,0.106,0.157
H,0.125,0.108,0.156
,,,
600,,,
Kinetic read 114 (5:39:00),,,
,1,2,3
A,0.156,0.108,0.15
B,0.132,0.109,0.155
C,0.129,0.109,0.155
D,0.127,0.108,0.157
E,0.132,0.106,0.155
F,0.124,0.107,0.157
G,0.125,0.107,0.158
H,0.125,0.11,0.157
,,,
600,,,
Kinetic read 115 (5:42:00),,,
,1,2,3
A,0.155,0.109,0.15
B,0.131,0.109,0.154
C,0.128,0.11,0.154
D,0.127,0.109,0.158
E,0.131,0.107,0.155
F,0.123,0.108,0.157
G,0.124,0.107,0.157
H,0.124,0.11,0.156
,,,
600,,,
Kinetic read 116 (5:45:00),,,
,1,2,3
A,0.156,0.111,0.15
B,0.132,0.111,0.155
C,0.127,0.112,0.155
D,0.127,0.111,0.158
E,0.131,0.109,0.155
F,0.123,0.11,0.158
G,0.125,0.11,0.158
H,0.125,0.112,0.157
,,,
600,,,
Kinetic read 117 (5:48:00),,,
,1,2,3
A,0.155,0.113,0.151
B,0.131,0.112,0.155
C,0.128,0.113,0.155
D,0.127,0.112,0.157
E,0.131,0.11,0.156
F,0.123,0.111,0.157
G,0.124,0.111,0.157
H,0.124,0.113,0.157
,,,
600,,,
Kinetic read 118 (5:51:00),,,
,1,2,3
A,0.157,0.114,0.151
B,0.131,0.114,0.156
C,0.127,0.115,0.156
D,0.128,0.114,0.158
E,0.132,0.111,0.157
F,0.123,0.112,0.159
G,0.124,0.112,0.157
H,0.124,0.114,0.157
,,,
600,,,
Kinetic read 119 (5:54:00),,,
,1,2,3
A,0.157,0.115,0.151
B,0.132,0.115,0.156
C,0.128,0.116,0.156
D,0.127,0.115,0.159
E,0.131,0.113,0.156
F,0.123,0.114,0.159
G,0.124,0.114,0.158
H,0.125,0.116,0.157
,,,
600,,,
Kinetic read 120 (5:57:00),,,
,1,2,3
A,0.157,0.118,0.151
B,0.132,0.117,0.157
C,0.128,0.117,0.157
D,0.128,0.117,0.159
E,0.132,0.114,0.157
F,0.123,0.115,0.159
G,0.124,0.115,0.158
H,0.125,0.119,0.158
,,,
600,,,
Kinetic read 121 (6:00:00),,,
,1,2,3
A,0.158,0.119,0.152
B,0.132,0.118,0.156
C,0.129,0.119,0.157
D,0.129,0.119,0.16
E,0.132,0.116,0.157
F,0.123,0.117,0.159
G,0.125,0.117,0.158
H,0.125,0.12,0.158
,,,
600,,,
Kinetic read 122 (6:03:00),,,
,1,2,3
A,0.158,0.12,0.151
B,0.133,0.12,0.156
C,0.129,0.121,0.157
D,0.128,0.12,0.16
E,0.133,0.117,0.157
F,0.123,0.119,0.16
G,0.124,0.118,0.159
H,0.125,0.121,0.158
,,,
600,,,
Kinetic read 123 (6:06:00),,,
,1,2,3
A,0.157,0.122,0.151
B,0.132,0.121,0.157
C,0.128,0.122,0.156
D,0.128,0.121,0.16
E,0.132,0.118,0.157
F,0.122,0.12,0.16
G,0.124,0.12,0.159
H,0.124,0.123,0.158
,,,
600,,,
Kinetic read 124 (6:09:00),,,
,1,2,3
A,0.158,0.124,0.151
B,0.132,0.123,0.156
C,0.129,0.124,0.157
D,0.128,0.123,0.16
E,0.133,0.12,0.158
F,0.123,0.121,0.16
G,0.124,0.121,0.159
H,0.125,0.124,0.159
,,,
600,,,
Kinetic read 125 (6:12:00),,,
,1,2,3
A,0.158,0.126,0.152
B,0.133,0.125,0.157
C,0.129,0.125,0.157
D,0.128,0.125,0.161
E,0.132,0.122,0.158
F,0.123,0.123,0.161
G,0.124,0.123,0.159
H,0.124,0.126,0.159
,,,
600,,,
Kinetic read 126 (6:15:00),,,
,1,2,3
A,0.159,0.127,0.152
B,0.133,0.126,0.157
C,0.129,0.127,0.158
D,0.128,0.126,0.161
E,0.132,0.124,0.158
F,0.124,0.125,0.161
G,0.124,0.125,0.159
H,0.124,0.129,0.159
,,,
600,,,
Kinetic read 127 (6:18:00),,,
,1,2,3
A,0.158,0.128,0.151
B,0.133,0.127,0.157
C,0.13,0.128,0.159
D,0.127,0.127,0.161
E,0.132,0.125,0.158
F,0.123,0.127,0.161
G,0.124,0.126,0.16
H,0.124,0.13,0.159
,,,
600,,,
Kinetic read 128 (6:21:00),,,
,1,2,3
A,0.16,0.13,0.153
B,0.134,0.13,0.159
C,0.129,0.13,0.159
D,0.128,0.13,0.162
E,0.133,0.128,0.158
F,0.122,0.129,0.161
G,0.124,0.129,0.159
H,0.124,0.133,0.159
,,,
600,,,
Kinetic read 129 (6:24:00),,,
,1,2,3
A,0.16,0.132,0.153
B,0.134,0.131,0.158
C,0.129,0.132,0.159
D,0.128,0.132,0.162
E,0.133,0.129,0.157
F,0.122,0.13,0.161
G,0.123,0.13,0.16
H,0.124,0.134,0.158
,,,
600,,,
Kinetic read 130 (6:27:00),,,
,1,2,3
A,0.16,0.133,0.153
B,0.133,0.132,0.158
C,0.128,0.133,0.159
D,0.127,0.132,0.162
E,0.132,0.13,0.157
F,0.122,0.131,0.16
G,0.123,0.131,0.16
H,0.124,0.136,0.157
,,,
600,,,
Kinetic read 131 (6:30:00),,,
,1,2,3
A,0.16,0.135,0.153
B,0.133,0.133,0.159
C,0.129,0.135,0.159
D,0.128,0.135,0.161
E,0.131,0.132,0.157
F,0.122,0.133,0.16
G,0.123,0.133,0.159
H,0.123,0.138,0.158
,,,
600,,,
Kinetic read 132 (6:33:00),,,
,1,2,3
A,0.161,0.137,0.153
B,0.133,0.135,0.158
C,0.128,0.136,0.159
D,0.127,0.136,0.161
E,0.131,0.133,0.157
F,0.121,0.135,0.16
G,0.122,0.134,0.158
H,0.124,0.139,0.158
,,,
600,,,
Kinetic read 133 (6:36:00),,,
,1,2,3
A,0.161,0.138,0.153
B,0.133,0.137,0.157
C,0.128,0.138,0.158
D,0.127,0.138,0.162
E,0.131,0.135,0.157
F,0.121,0.137,0.16
G,0.122,0.136,0.158
H,0.124,0.14,0.157
,,,
600,,,
Kinetic read 134 (6:39:00),,,
,1,2,3
A,0.161,0.14,0.153
B,0.133,0.138,0.157
C,0.128,0.139,0.158
D,0.127,0.139,0.161
E,0.131,0.136,0.157
F,0.122,0.138,0.16
G,0.122,0.138,0.158
H,0.124,0.143,0.157
,,,
600,,,
Kinetic read 135 (6:42:00),,,
,1,2,3
A,0.161,0.142,0.152
B,0.133,0.14,0.156
C,0.129,0.141,0.158
D,0.127,0.14,0.161
E,0.132,0.138,0.158
F,0.121,0.139,0.16
G,0.122,0.139,0.158
H,0.124,0.144,0.156
,,,
600,,,
Kinetic read 136 (6:45:00),,,
,1,2,3
A,0.162,0.143,0.152
B,0.133,0.142,0.157
C,0.128,0.142,0.159
D,0.127,0.142,0.161
E,0.132,0.14,0.157
F,0.122,0.141,0.16
G,0.122,0.141,0.159
H,0.124,0.146,0.157
,,,
600,,,
Kinetic read 137 (6:48:00),,,
,1,2,3
A,0.162,0.145,0.151
B,0.133,0.143,0.157
C,0.129,0.144,0.159
D,0.128,0.144,0.162
E,0.132,0.142,0.157
F,0.122,0.143,0.16
G,0.123,0.143,0.159
H,0.124,0.148,0.157
,,,
600,,,
Kinetic read 138 (6:51:00),,,
,1,2,3
A,0.162,0.145,0.151
B,0.133,0.144,0.157
C,0.128,0.145,0.158
D,0.127,0.146,0.161
E,0.131,0.142,0.157
F,0.122,0.144,0.16
G,0.122,0.144,0.158
H,0.123,0.149,0.157
,,,
600,,,
Kinetic read 139 (6:54:00),,,
,1,2,3
A,0.162,0.146,0.151
B,0.132,0.146,0.157
C,0.128,0.147,0.159
D,0.127,0.146,0.161
E,0.131,0.144,0.157
F,0.121,0.146,0.159
G,0.122,0.145,0.159
H,0.124,0.15,0.156
,,,
600,,,
Kinetic read 140 (6:57:00),,,
,1,2,3
A,0.163,0.149,0.151
B,0.132,0.147,0.158
C,0.128,0.148,0.158
D,0.127,0.148,0.162
E,0.132,0.146,0.157
F,0.121,0.148,0.159
G,0.122,0.147,0.158
H,0.124,0.152,0.156
,,,
600,,,
Kinetic read 141 (7:00:00),,,
,1,2,3
A,0.163,0.151,0.151
B,0.133,0.149,0.158
C,0.128,0.149,0.158
D,0.128,0.15,0.162
E,0.131,0.147,0.157
F,0.121,0.148,0.158
G,0.122,0.148,0.158
H,0.124,0.153,0.156
,,,
600,,,
Kinetic read 142 (7:03:00),,,
,1,2,3
A,0.164,0.151,0.151
B,0.133,0.15,0.157
C,0.129,0.151,0.159
D,0.127,0.151,0.162
E,0.132,0.149,0.157
F,0.122,0.15,0.159
G,0.123,0.15,0.159
H,0.124,0.155,0.156
,,,
600,,,
Kinetic read 143 (7:06:00),,,
,1,2,3
A,0.164,0.153,0.151
B,0.133,0.151,0.158
C,0.128,0.152,0.159
D,0.127,0.153,0.162
E,0.131,0.15,0.157
F,0.122,0.152,0.159
G,0.122,0.152,0.159
H,0.124,0.157,0.155
,,,
600,,,
Kinetic read 144 (7:09:00),,,
,1,2,3
A,0.164,0.154,0.15
B,0.133,0.152,0.158
C,0.128,0.154,0.159
D,0.127,0.154,0.162
E,0.132,0.151,0.157
F,0.122,0.153,0.159
G,0.123,0.153,0.158
H,0.124,0.158,0.155
,,,
600,,,
Kinetic read 145 (7:12:00),,,
,1,2,3
A,0.164,0.156,0.151
B,0.133,0.154,0.158
C,0.129,0.155,0.16
D,0.127,0.154,0.162
E,0.132,0.153,0.157
F,0.121,0.155,0.159
G,0.122,0.154,0.158
H,0.124,0.159,0.155
,,,
600,,,
Kinetic read 146 (7:15:00),,,
,1,2,3
A,0.165,0.156,0.151
B,0.133,0.155,0.159
C,0.129,0.156,0.159
D,0.128,0.157,0.163
E,0.132,0.154,0.157
F,0.121,0.156,0.159
G,0.123,0.155,0.158
H,0.124,0.16,0.155
,,,
600,,,
Kinetic read 147 (7:18:00),,,
,1,2,3
A,0.165,0.158,0.15
B,0.134,0.157,0.158
C,0.129,0.159,0.16
D,0.128,0.158,0.162
E,0.133,0.156,0.157
F,0.122,0.157,0.159
G,0.123,0.157,0.159
H,0.125,0.162,0.154
,,,
600,,,
Kinetic read 148 (7:21:00),,,
,1,2,3
A,0.165,0.16,0.15
B,0.134,0.158,0.159
C,0.129,0.16,0.16
D,0.128,0.159,0.162
E,0.132,0.157,0.157
F,0.121,0.159,0.159
G,0.123,0.157,0.158
H,0.124,0.163,0.154
,,,
600,,,
Kinetic read 149 (7:24:00),,,
,1,2,3
A,0.165,0.16,0.15
B,0.133,0.159,0.158
C,0.128,0.16,0.159
D,0.128,0.16,0.162
E,0.132,0.157,0.155
F,0.121,0.159,0.158
G,0.123,0.159,0.158
H,0.124,0.163,0.153
,,,
600,,,
Kinetic read 150 (7:27:00),,,
,1,2,3
A,0.166,0.161,0.15
B,0.133,0.16,0.158
C,0.129,0.162,0.159
D,0.128,0.162,0.162
E,0.132,0.159,0.157
F,0.122,0.161,0.159
G,0.123,0.161,0.157
H,0.125,0.165,0.153
,,,
600,,,
Kinetic read 151 (7:30:00),,,
,1,2,3
A,0.166,0.162,0.149
B,0.133,0.161,0.158
C,0.128,0.163,0.16
D,0.128,0.162,0.161
E,0.132,0.159,0.156
F,0.122,0.162,0.159
G,0.123,0.161,0.157
H,0.125,0.165,0.153
,,,
600,,,
Kinetic read 152 (7:33:00),,,
,1,2,3
A,0.166,0.163,0.149
B,0.134,0.162,0.159
C,0.129,0.164,0.16
D,0.127,0.164,0.163
E,0.133,0.161,0.156
F,0.121,0.162,0.159
G,0.123,0.162,0.157
H,0.125,0.167,0.152
,,,
600,,,
Kinetic read 153 (7:36:00),,,
,1,2,3
A,0.166,0.164,0.149
B,0.134,0.163,0.159
C,0.129,0.166,0.16
D,0.128,0.165,0.162
E,0.132,0.162,0.155
F,0.122,0.164,0.159
G,0.123,0.163,0.157
H,0.125,0.167,0.152
,,,
600,,,
Kinetic read 154 (7:39:00),,,
,1,2,3
A,0.166,0.164,0.15
B,0.134,0.164,0.158
C,0.129,0.166,0.16
D,0.128,0.166,0.163
E,0.133,0.163,0.156
F,0.121,0.165,0.159
G,0.123,0.163,0.157
H,0.125,0.168,0.152
,,,
600,,,
Kinetic read 155 (7:42:00),,,
,1,2,3
A,0.165,0.165,0.15
B,0.133,0.164,0.158
C,0.129,0.167,0.159
D,0.128,0.167,0.162
E,0.132,0.163,0.154
F,0.122,0.166,0.157
G,0.123,0.165,0.156
H,0.124,0.168,0.15
,,,
600,,,
Kinetic read 156 (7:45:00),,,
,1,2,3
A,0.165,0.166,0.149
B,0.133,0.165,0.158
C,0.129,0.167,0.159
D,0.128,0.167,0.161
E,0.132,0.164,0.155
F,0.121,0.166,0.158
G,0.123,0.165,0.155
H,0.125,0.168,0.15
,,,
600,,,
Kinetic read 157 (7:48:00),,,
,1,2,3
A,0.166,0.166,0.149
B,0.134,0.167,0.158
C,0.13,0.168,0.159
D,0.128,0.169,0.162
E,0.133,0.165,0.154
F,0.121,0.166,0.158
G,0.123,0.166,0.156
H,0.126,0.17,0.151
,,,
600,,,
Kinetic read 158 (7:51:00),,,
,1,2,3
A,0.166,0.166,0.148
B,0.134,0.168,0.158
C,0.129,0.169,0.159
D,0.128,0.168,0.162
E,0.133,0.165,0.154
F,0.121,0.167,0.157
G,0.123,0.167,0.155
H,0.125,0.169,0.15
,,,
600,,,
Kinetic read 159 (7:54:00),,,
,1,2,3
A,0.165,0.166,0.148
B,0.133,0.168,0.158
C,0.129,0.17,0.159
D,0.128,0.169,0.162
E,0.133,0.166,0.153
F,0.121,0.168,0.157
G,0.123,0.167,0.154
H,0.125,0.169,0.149
,,,
600,,,
Kinetic read 160 (7:57:00),,,
,1,2,3
A,0.165,0.167,0.149
B,0.134,0.169,0.158
C,0.129,0.17,0.159
D,0.128,0.17,0.162
E,0.133,0.167,0.153
F,0.122,0.169,0.157
G,0.123,0.168,0.154
H,0.125,0.17,0.149
,,,
600,,,
Kinetic read 161 (8:00:00),,,
,1,2,3
A,0.165,0.167,0.149
B,0.134,0.17,0.158
C,0.129,0.171,0.159
D,0.128,0.17,0.161
E,0.133,0.168,0.153
F,0.122,0.169,0.157
G,0.123,0.168,0.155
H,0.125,0.17,0.149
,,,
600,,,
Kinetic read 162 (8:03:00),,,
,1,2,3
A,0.166,0.168,0.148
B,0.134,0.171,0.158
C,0.129,0.171,0.159
D,0.128,0.171,0.161
E,0.133,0.168,0.153
F,0.122,0.169,0.158
G,0.123,0.168,0.154
H,0.125,0.17,0.15
,,,
600,,,
Kinetic read 163 (8:06:00),,,
,1,2,3
A,0.166,0.167,0.149
B,0.134,0.171,0.158
C,0.129,0.172,0.159
D,0.128,0.17,0.161
E,0.133,0.168,0.152
F,0.122,0.169,0.157
G,0.123,0.168,0.154
H,0.125,0.17,0.149
,,,
600,,,
Kinetic read 164 (8:09:00),,,
,1,2,3
A,0.165,0.167,0.148
B,0.134,0.171,0.157
C,0.129,0.171,0.159
D,0.128,0.171,0.161
E,0.133,0.168,0.152
F,0.121,0.17,0.156
G,0.123,0.168,0.153
H,0.125,0.169,0.148
,,,
600,,,
Kinetic read 165 (8:12:00),,,
,1,2,3
A,0.165,0.166,0.148
B,0.134,0.171,0.157
C,0.13,0.171,0.159
D,0.128,0.171,0.161
E,0.133,0.169,0.151
F,0.122,0.17,0.156
G,0.123,0.169,0.152
H,0.126,0.169,0.148
,,,
600,,,
Kinetic read 166 (8:15:00),,,
,1,2,3
A,0.165,0.166,0.148
B,0.134,0.171,0.157
C,0.13,0.172,0.158
D,0.128,0.172,0.16
E,0.133,0.168,0.151
F,0.122,0.17,0.155
G,0.123,0.168,0.152
H,0.126,0.168,0.147
,,,
600,,,
Kinetic read 167 (8:18:00),,,
,1,2,3
A,0.165,0.167,0.147
B,0.134,0.171,0.158
C,0.13,0.172,0.158
D,0.128,0.173,0.161
E,0.133,0.168,0.151
F,0.122,0.17,0.156
G,0.123,0.168,0.153
H,0.126,0.169,0.147
,,,
600,,,
Kinetic read 168 (8:21:00),,,
,1,2,3
A,0.165,0.166,0.147
B,0.134,0.171,0.157
C,0.13,0.173,0.158
D,0.129,0.173,0.161
E,0.133,0.169,0.151
F,0.122,0.17,0.155
G,0.124,0.169,0.152
H,0.126,0.167,0.147
,,,
600,,,
Kinetic read 169 (8:24:00),,,
,1,2,3
A,0.165,0.165,0.147
B,0.134,0.17,0.157
C,0.13,0.172,0.158
D,0.129,0.173,0.16
E,0.133,0.169,0.15
F,0.122,0.17,0.154
G,0.123,0.168,0.152
H,0.126,0.166,0.147
,,,
600,,,
Kinetic read 170 (8:27:00),,,
,1,2,3
A,0.166,0.164,0.147
B,0.135,0.171,0.157
C,0.13,0.173,0.158
D,0.129,0.173,0.161
E,0.133,0.169,0.15
F,0.122,0.17,0.155
G,0.124,0.168,0.152
H,0.127,0.165,0.147
,,,
600,,,
Kinetic read 171 (8:30:00),,,
,1,2,3
A,0.165,0.163,0.146
B,0.135,0.169,0.156
C,0.13,0.172,0.158
D,0.128,0.171,0.16
E,0.133,0.168,0.149
F,0.122,0.169,0.154
G,0.123,0.166,0.152
H,0.126,0.164,0.146
,,,
600,,,
Kinetic read 172 (8:33:00),,,
,1,2,3
A,0.166,0.163,0.146
B,0.135,0.169,0.156
C,0.131,0.173,0.158
D,0.129,0.172,0.16
E,0.134,0.169,0.149
F,0.123,0.17,0.154
G,0.124,0.166,0.152
H,0.127,0.164,0.146
,,,
600,,,
Kinetic read 173 (8:36:00),,,
,1,2,3
A,0.165,0.162,0.146
B,0.134,0.168,0.156
C,0.13,0.171,0.157
D,0.129,0.172,0.16
E,0.133,0.168,0.15
F,0.123,0.169,0.154
G,0.124,0.165,0.151
H,0.127,0.162,0.147
,,,
600,,,
Kinetic read 174 (8:39:00),,,
,1,2,3
A,0.165,0.162,0.146
B,0.135,0.167,0.156
C,0.131,0.171,0.157
D,0.129,0.171,0.159
E,0.134,0.167,0.15
F,0.122,0.168,0.154
G,0.123,0.165,0.151
H,0.127,0.162,0.146
,,,
600,,,
Kinetic read 175 (8:42:00),,,
,1,2,3
A,0.166,0.161,0.146
B,0.135,0.167,0.156
C,0.131,0.171,0.158
D,0.129,0.171,0.16
E,0.134,0.166,0.15
F,0.123,0.167,0.154
G,0.124,0.165,0.151
H,0.127,0.161,0.147
,,,
600,,,
Kinetic read 176 (8:45:00),,,
,1,2,3
A,0.165,0.16,0.146
B,0.134,0.165,0.155
C,0.13,0.17,0.158
D,0.129,0.169,0.159
E,0.134,0.164,0.149
F,0.123,0.166,0.154
G,0.123,0.163,0.151
H,0.127,0.159,0.146
,,,
600,,,
Kinetic read 177 (8:48:00),,,
,1,2,3
A,0.166,0.159,0.146
B,0.135,0.164,0.155
C,0.131,0.17,0.157
D,0.129,0.17,0.16
E,0.134,0.164,0.149
F,0.123,0.166,0.154
G,0.124,0.162,0.151
H,0.128,0.158,0.146
,,,
600,,,
Kinetic read 178 (8:51:00),,,
,1,2,3
A,0.166,0.158,0.145
B,0.135,0.163,0.156
C,0.131,0.169,0.157
D,0.129,0.169,0.159
E,0.134,0.163,0.148
F,0.122,0.165,0.153
G,0.123,0.162,0.15
H,0.127,0.158,0.146
,,,
600,,,
Kinetic read 179 (8:54:00),,,
,1,2,3
A,0.166,0.157,0.146
B,0.134,0.162,0.155
C,0.13,0.168,0.156
D,0.129,0.167,0.158
E,0.133,0.162,0.148
F,0.122,0.163,0.152
G,0.123,0.159,0.15
H,0.127,0.156,0.145
,,,
600,,,
Kinetic read 180 (8:57:00),,,
,1,2,3
A,0.166,0.156,0.145
B,0.135,0.161,0.155
C,0.131,0.167,0.156
D,0.129,0.166,0.159
E,0.134,0.161,0.149
F,0.123,0.162,0.153
G,0.124,0.159,0.15
H,0.127,0.155,0.145
,,,
600,,,
Kinetic read 181 (9:00:00),,,
,1,2,3
A,0.166,0.156,0.146
B,0.135,0.16,0.155
C,0.131,0.166,0.156
D,0.129,0.166,0.159
E,0.134,0.161,0.148
F,0.123,0.163,0.153
G,0.124,0.158,0.149
H,0.127,0.154,0.145
,,,
600,,,
Kinetic read 182 (9:03:00),,,
,1,2,3
A,0.165,0.154,0.145
B,0.135,0.159,0.154
C,0.13,0.165,0.156
D,0.129,0.165,0.159
E,0.133,0.159,0.147
F,0.122,0.16,0.152
G,0.124,0.157,0.149
H,0.127,0.153,0.145
,,,
600,,,
Kinetic read 183 (9:06:00),,,
,1,2,3
A,0.166,0.155,0.145
B,0.136,0.16,0.156
C,0.131,0.166,0.156
D,0.129,0.166,0.159
E,0.135,0.16,0.148
F,0.124,0.161,0.153
G,0.124,0.157,0.149
H,0.128,0.153,0.145
,,,
600,,,
Kinetic read 184 (9:09:00),,,
,1,2,3
A,0.166,0.154,0.145
B,0.136,0.159,0.156
C,0.131,0.165,0.156
D,0.129,0.164,0.158
E,0.134,0.159,0.147
F,0.123,0.16,0.153
G,0.124,0.155,0.15
H,0.128,0.152,0.145
,,,
600,,,
Kinetic read 185 (9:12:00),,,
,1,2,3
A,0.167,0.154,0.145
B,0.136,0.158,0.155
C,0.131,0.164,0.156
D,0.129,0.164,0.158
E,0.134,0.158,0.147
F,0.123,0.159,0.153
G,0.124,0.155,0.149
H,0.128,0.151,0.144
,,,
600,,,
Kinetic read 186 (9:15:00),,,
,1,2,3
A,0.166,0.153,0.145
B,0.136,0.158,0.155
C,0.131,0.164,0.156
D,0.129,0.163,0.158
E,0.135,0.158,0.147
F,0.123,0.158,0.153
G,0.124,0.154,0.149
H,0.128,0.151,0.144
,,,
600,,,
Kinetic read 187 (9:18:00),,,
,1,2,3
A,0.166,0.152,0.145
B,0.136,0.157,0.155
C,0.132,0.163,0.156
D,0.13,0.163,0.159
E,0.135,0.157,0.147
F,0.124,0.158,0.153
G,0.125,0.154,0.149
H,0.129,0.15,0.144
,,,
600,,,
Kinetic read 188 (9:21:00),,,
,1,2,3
A,0.166,0.152,0.145
B,0.136,0.156,0.156
C,0.131,0.162,0.156
D,0.129,0.162,0.158
E,0.134,0.156,0.147
F,0.124,0.157,0.152
G,0.124,0.153,0.149
H,0.129,0.149,0.144
,,,
600,,,
Kinetic read 189 (9:24:00),,,
,1,2,3
A,0.167,0.152,0.145
B,0.136,0.156,0.156
C,0.132,0.162,0.156
D,0.13,0.16,0.159
E,0.135,0.155,0.148
F,0.124,0.157,0.152
G,0.125,0.153,0.149
H,0.129,0.149,0.145
,,,
600,,,
Kinetic read 190 (9:27:00),,,
,1,2,3
A,0.167,0.151,0.145
B,0.136,0.156,0.155
C,0.132,0.161,0.156
D,0.13,0.16,0.159
E,0.134,0.155,0.147
F,0.124,0.156,0.152
G,0.125,0.152,0.149
H,0.129,0.148,0.144
,,,
600,,,
Kinetic read 191 (9:30:00),,,
,1,2,3
A,0.166,0.15,0.145
B,0.136,0.154,0.155
C,0.131,0.161,0.156
D,0.13,0.159,0.158
E,0.134,0.154,0.147
F,0.123,0.155,0.152
G,0.125,0.151,0.148
H,0.129,0.147,0.144
,,,
600,,,
Kinetic read 192 (9:33:00),,,
,1,2,3
A,0.167,0.15,0.144
B,0.136,0.154,0.155
C,0.132,0.161,0.155
D,0.13,0.159,0.157
E,0.135,0.154,0.146
F,0.124,0.155,0.152
G,0.124,0.15,0.148
H,0.129,0.147,0.143
,,,
600,,,
Kinetic read 193 (9:36:00),,,
,1,2,3
A,0.167,0.15,0.145
B,0.136,0.154,0.155
C,0.132,0.16,0.155
D,0.13,0.158,0.158
E,0.135,0.153,0.147
F,0.124,0.155,0.152
G,0.125,0.15,0.149
H,0.13,0.146,0.144
,,,
600,,,
Kinetic read 194 (9:39:00),,,
,1,2,3
A,0.166,0.15,0.144
B,0.136,0.154,0.155
C,0.132,0.159,0.155
D,0.13,0.158,0.158
E,0.135,0.153,0.147
F,0.124,0.154,0.152
G,0.125,0.149,0.148
H,0.13,0.146,0.144
,,,
600,,,
Kinetic read 195 (9:42:00),,,
,1,2,3
A,0.166,0.149,0.145
B,0.136,0.153,0.155
C,0.132,0.159,0.155
D,0.13,0.158,0.158
E,0.135,0.152,0.146
F,0.124,0.153,0.152
G,0.125,0.148,0.148
H,0.13,0.145,0.143
,,,
600,,,
Kinetic read 196 (9:45:00),,,
,1,2,3
A,0.167,0.149,0.144
B,0.137,0.152,0.155
C,0.133,0.159,0.155
D,0.13,0.158,0.158
E,0.135,0.152,0.147
F,0.124,0.153,0.153
G,0.125,0.147,0.148
H,0.131,0.145,0.144
,,,
600,,,
Kinetic read 197 (9:48:00),,,
,1,2,3
A,0.167,0.149,0.145
B,0.137,0.152,0.154
C,0.132,0.159,0.155
D,0.131,0.157,0.158
E,0.135,0.151,0.146
F,0.124,0.152,0.152
G,0.125,0.146,0.148
H,0.131,0.144,0.142
,,,
600,,,
Kinetic read 198 (9:51:00),,,
,1,2,3
A,0.167,0.148,0.145
B,0.137,0.151,0.155
C,0.133,0.159,0.155
D,0.131,0.157,0.158
E,0.135,0.15,0.146
F,0.125,0.152,0.152
G,0.125,0.146,0.148
H,0.132,0.144,0.143
,,,
600,,,
Kinetic read 199 (9:54:00),,,
,1,2,3
A,0.168,0.148,0.145
B,0.137,0.151,0.154
C,0.132,0.158,0.154
D,0.131,0.156,0.158
E,0.135,0.149,0.146
F,0.124,0.151,0.151
G,0.126,0.145,0.148
H,0.132,0.143,0.143
,,,
600,,,
Kinetic read 200 (9:57:00),,,
,1,2,3
A,0.168,0.147,0.144
B,0.137,0.15,0.154
C,0.132,0.158,0.154
D,0.13,0.156,0.157
E,0.135,0.149,0.145
F,0.124,0.15,0.151
G,0.125,0.144,0.148
H,0.131,0.142,0.143
,,,
600,,,
Kinetic read 201 (10:00:00),,,
,1,2,3
A,0.168,0.147,0.145
B,0.137,0.15,0.154
C,0.133,0.157,0.155
D,0.131,0.156,0.158
E,0.136,0.149,0.146
F,0.125,0.15,0.151
G,0.126,0.144,0.147
H,0.132,0.142,0.143
,,,
600,,,
Kinetic read 202 (10:03:00),,,
,1,2,3
A,0.168,0.146,0.143
B,0.137,0.149,0.154
C,0.133,0.157,0.154
D,0.131,0.155,0.157
E,0.136,0.148,0.145
F,0.124,0.149,0.151
G,0.126,0.143,0.148
H,0.133,0.141,0.143
,,,
600,,,
Kinetic read 203 (10:06:00),,,
,1,2,3
A,0.168,0.146,0.144
B,0.137,0.148,0.154
C,0.133,0.157,0.154
D,0.131,0.154,0.157
E,0.136,0.148,0.145
F,0.124,0.148,0.151
G,0.126,0.143,0.147
H,0.133,0.141,0.143
,,,
600,,,
Kinetic read 204 (10:09:00),,,
,1,2,3
A,0.168,0.146,0.144
B,0.137,0.148,0.153
C,0.133,0.156,0.154
D,0.132,0.155,0.157
E,0.136,0.147,0.145
F,0.125,0.149,0.151
G,0.126,0.142,0.147
H,0.133,0.14,0.143
,,,
600,,,
Kinetic read 205 (10:12:00),,,
,1,2,3
A,0.169,0.145,0.144
B,0.137,0.147,0.154
C,0.133,0.155,0.154
D,0.131,0.154,0.157
E,0.135,0.147,0.145
F,0.125,0.148,0.151
G,0.126,0.142,0.147
H,0.134,0.14,0.143
,,,
600,,,
Kinetic read 206 (10:15:00),,,
,1,2,3
A,0.169,0.144,0.143
B,0.137,0.147,0.153
C,0.133,0.154,0.154
D,0.131,0.153,0.158
E,0.136,0.146,0.145
F,0.125,0.148,0.151
G,0.126,0.141,0.147
H,0.134,0.14,0.142
,,,
600,,,
Kinetic read 207 (10:18:00),,,
,1,2,3
A,0.169,0.144,0.144
B,0.138,0.147,0.154
C,0.134,0.155,0.154
D,0.132,0.153,0.157
E,0.136,0.146,0.145
F,0.126,0.148,0.151
G,0.127,0.142,0.148
H,0.135,0.14,0.143
,,,
600,,,
Kinetic read 208 (10:21:00),,,
,1,2,3
A,0.17,0.144,0.143
B,0.138,0.147,0.154
C,0.134,0.154,0.155
D,0.132,0.153,0.157
E,0.137,0.146,0.145
F,0.126,0.147,0.152
G,0.127,0.142,0.147
H,0.135,0.14,0.143
,,,
600,,,
Kinetic read 209 (10:24:00),,,
,1,2,3
A,0.17,0.144,0.143
B,0.138,0.147,0.153
C,0.134,0.154,0.154
D,0.132,0.152,0.157
E,0.137,0.146,0.145
F,0.125,0.146,0.151
G,0.127,0.141,0.147
H,0.135,0.139,0.143
,,,
600,,,
Kinetic read 210 (10:27:00),,,
,1,2,3
A,0.169,0.144,0.144
B,0.138,0.146,0.153
C,0.134,0.153,0.154
D,0.132,0.152,0.157
E,0.137,0.145,0.145
F,0.126,0.147,0.151
G,0.127,0.141,0.147
H,0.136,0.139,0.143
,,,
600,,,
Kinetic read 211 (10:30:00),,,
,1,2,3
A,0.17,0.144,0.144
B,0.139,0.146,0.153
C,0.134,0.153,0.154
D,0.132,0.152,0.157
E,0.137,0.145,0.145
F,0.126,0.147,0.151
G,0.128,0.141,0.147
H,0.136,0.139,0.143
,,,
600,,,
Kinetic read 212 (10:33:00),,,
,1,2,3
A,0.17,0.143,0.144
B,0.139,0.146,0.153
C,0.135,0.153,0.154
D,0.132,0.151,0.157
E,0.137,0.145,0.145
F,0.126,0.146,0.151
G,0.128,0.141,0.147
H,0.136,0.138,0.143
,,,
600,,,
Kinetic read 213 (10:36:00),,,
,1,2,3
A,0.17,0.143,0.143
B,0.139,0.146,0.153
C,0.135,0.152,0.154
D,0.133,0.151,0.158
E,0.138,0.145,0.144
F,0.126,0.146,0.151
G,0.128,0.141,0.147
H,0.137,0.138,0.143
,,,
600,,,
Kinetic read 214 (10:39:00),,,
,1,2,3
A,0.171,0.143,0.143
B,0.14,0.146,0.153
C,0.135,0.153,0.155
D,0.133,0.151,0.157
E,0.138,0.145,0.145
F,0.127,0.146,0.15
G,0.128,0.141,0.147
H,0.137,0.138,0.142
,,,
600,,,
Kinetic read 215 (10:42:00),,,
,1,2,3
A,0.171,0.142,0.142
B,0.14,0.145,0.153
C,0.135,0.152,0.154
D,0.133,0.15,0.157
E,0.137,0.145,0.144
F,0.127,0.146,0.15
G,0.129,0.14,0.146
H,0.137,0.138,0.142
,,,
600,,,
Kinetic read 216 (10:45:00),,,
,1,2,3
A,0.171,0.142,0.143
B,0.139,0.145,0.153
C,0.135,0.152,0.154
D,0.134,0.15,0.157
E,0.137,0.144,0.144
F,0.127,0.146,0.15
G,0.129,0.14,0.147
H,0.138,0.137,0.143
,,,
600,,,
Kinetic read 217 (10:48:00),,,
,1,2,3
A,0.171,0.142,0.143
B,0.141,0.146,0.153
C,0.136,0.152,0.154
D,0.133,0.15,0.157
E,0.138,0.145,0.144
F,0.128,0.146,0.151
G,0.129,0.14,0.147
H,0.139,0.138,0.143
,,,
600,,,
Kinetic read 218 (10:51:00),,,
,1,2,3
A,0.171,0.142,0.142
B,0.14,0.145,0.153
C,0.136,0.151,0.154
D,0.134,0.15,0.156
E,0.138,0.144,0.144
F,0.128,0.145,0.151
G,0.129,0.139,0.146
H,0.139,0.137,0.142
,,,
600,,,
Kinetic read 219 (10:54:00),,,
,1,2,3
A,0.172,0.141,0.143
B,0.141,0.145,0.153
C,0.136,0.152,0.154
D,0.134,0.149,0.157
E,0.139,0.144,0.144
F,0.128,0.145,0.151
G,0.129,0.14,0.147
H,0.139,0.137,0.143
,,,
600,,,
Kinetic read 220 (10:57:00),,,
,1,2,3
A,0.172,0.142,0.143
B,0.142,0.145,0.153
C,0.137,0.151,0.154
D,0.134,0.149,0.156
E,0.139,0.144,0.145
F,0.128,0.145,0.15
G,0.13,0.139,0.147
H,0.14,0.137,0.142
,,,
600,,,
Kinetic read 221 (11:00:00),,,
,1,2,3
A,0.173,0.142,0.143
B,0.141,0.145,0.153
C,0.137,0.152,0.154
D,0.135,0.15,0.156
E,0.139,0.144,0.145
F,0.129,0.145,0.15
G,0.131,0.139,0.146
H,0.141,0.137,0.142
,,,
600,,,
Kinetic read 222 (11:03:00),,,
,1,2,3
A,0.173,0.142,0.143
B,0.142,0.144,0.153
C,0.137,0.151,0.154
D,0.135,0.15,0.157
E,0.14,0.144,0.145
F,0.13,0.145,0.151
G,0.13,0.14,0.147
H,0.142,0.137,0.142
,,,
600,,,
Kinetic read 223 (11:06:00),,,
,1,2,3
A,0.173,0.141,0.143
B,0.143,0.145,0.154
C,0.138,0.152,0.154
D,0.135,0.15,0.157
E,0.141,0.144,0.146
F,0.13,0.145,0.152
G,0.132,0.139,0.147
H,0.143,0.137,0.142
,,,
600,,,
Kinetic read 224 (11:09:00),,,
,1,2,3
A,0.173,0.141,0.143
B,0.143,0.144,0.153
C,0.137,0.151,0.154
D,0.136,0.149,0.157
E,0.14,0.144,0.145
F,0.13,0.145,0.15
G,0.131,0.139,0.147
H,0.143,0.136,0.142
,,,
600,,,
Kinetic read 225 (11:12:00),,,
,1,2,3
A,0.174,0.141,0.143
B,0.143,0.144,0.153
C,0.138,0.151,0.153
D,0.135,0.149,0.156
E,0.14,0.143,0.145
F,0.13,0.144,0.15
G,0.131,0.139,0.147
H,0.144,0.136,0.142
,,,
600,,,
Kinetic read 226 (11:15:00),,,
,1,2,3
A,0.175,0.141,0.143
B,0.144,0.144,0.153
C,0.139,0.151,0.153
D,0.136,0.149,0.157
E,0.141,0.144,0.145
F,0.131,0.145,0.151
G,0.132,0.139,0.147
H,0.145,0.136,0.142
,,,
600,,,
Kinetic read 227 (11:18:00),,,
,1,2,3
A,0.175,0.141,0.143
B,0.144,0.144,0.153
C,0.138,0.151,0.153
D,0.137,0.149,0.157
E,0.141,0.144,0.145
F,0.131,0.145,0.151
G,0.132,0.139,0.147
H,0.142,0.136,0.141
,,,
600,,,
Kinetic read 228 (11:21:00),,,
,1,2,3
A,0.176,0.141,0.143
B,0.144,0.144,0.153
C,0.138,0.151,0.154
D,0.137,0.148,0.156
E,0.141,0.143,0.145
F,0.131,0.144,0.15
G,0.133,0.139,0.147
H,0.143,0.136,0.141
,,,
600,,,
Kinetic read 229 (11:24:00),,,
,1,2,3
A,0.176,0.14,0.142
B,0.145,0.144,0.153
C,0.139,0.15,0.153
D,0.136,0.149,0.156
E,0.141,0.143,0.144
F,0.131,0.144,0.151
G,0.133,0.138,0.148
H,0.144,0.136,0.141
,,,
600,,,
Kinetic read 230 (11:27:00),,,
,1,2,3
A,0.176,0.14,0.142
B,0.144,0.143,0.152
C,0.139,0.15,0.153
D,0.137,0.148,0.156
E,0.141,0.142,0.144
F,0.131,0.144,0.15
G,0.133,0.137,0.147
H,0.144,0.135,0.141
,,,
600,,,
Kinetic read 231 (11:30:00),,,
,1,2,3
A,0.177,0.14,0.143
B,0.146,0.144,0.153
C,0.139,0.151,0.153
D,0.138,0.148,0.156
E,0.142,0.143,0.145
F,0.132,0.144,0.151
G,0.134,0.138,0.147
H,0.146,0.136,0.142
,,,
600,,,
Kinetic read 232 (11:33:00),,,
,1,2,3
A,0.177,0.14,0.142
B,0.146,0.143,0.152
C,0.14,0.15,0.153
D,0.137,0.148,0.156
E,0.142,0.142,0.144
F,0.132,0.144,0.15
G,0.134,0.138,0.147
H,0.146,0.135,0.141
,,,
600,,,
Kinetic read 233 (11:36:00),,,
,1,2,3
A,0.177,0.14,0.142
B,0.146,0.144,0.152
C,0.141,0.151,0.154
D,0.138,0.148,0.156
E,0.143,0.143,0.145
F,0.133,0.144,0.151
G,0.135,0.138,0.147
H,0.145,0.135,0.142
,,,
600,,,
Kinetic read 234 (11:39:00),,,
,1,2,3
A,0.178,0.14,0.142
B,0.147,0.143,0.152
C,0.141,0.15,0.154
D,0.138,0.148,0.156
E,0.143,0.142,0.144
F,0.133,0.144,0.15
G,0.135,0.137,0.146
H,0.145,0.135,0.141
,,,
600,,,
Kinetic read 235 (11:42:00),,,
,1,2,3
A,0.178,0.14,0.142
B,0.148,0.143,0.152
C,0.141,0.15,0.153
D,0.138,0.147,0.156
E,0.143,0.142,0.144
F,0.134,0.143,0.15
G,0.136,0.137,0.146
H,0.146,0.135,0.141
,,,
600,,,
Kinetic read 236 (11:45:00),,,
,1,2,3
A,0.178,0.14,0.143
B,0.148,0.143,0.153
C,0.141,0.15,0.153
D,0.139,0.148,0.156
E,0.144,0.142,0.145
F,0.134,0.144,0.15
G,0.136,0.138,0.147
H,0.149,0.135,0.142
,,,
600,,,
Kinetic read 237 (11:48:00),,,
,1,2,3
A,0.179,0.14,0.143
B,0.149,0.143,0.153
C,0.142,0.15,0.153
D,0.14,0.148,0.156
E,0.144,0.142,0.144
F,0.135,0.144,0.15
G,0.137,0.137,0.147
H,0.148,0.135,0.142
,,,
600,,,
Kinetic read 238 (11:51:00),,,
,1,2,3
A,0.179,0.14,0.142
B,0.149,0.143,0.152
C,0.142,0.149,0.153
D,0.139,0.147,0.157
E,0.145,0.142,0.145
F,0.135,0.143,0.151
G,0.137,0.137,0.146
H,0.147,0.135,0.142
,,,
600,,,
Kinetic read 239 (11:54:00),,,
,1,2,3
A,0.179,0.14,0.142
B,0.149,0.143,0.152
C,0.142,0.149,0.153
D,0.14,0.147,0.156
E,0.145,0.142,0.144
F,0.135,0.143,0.15
G,0.138,0.137,0.147
H,0.147,0.134,0.141
,,,
600,,,
Kinetic read 240 (11:57:00),,,
,1,2,3
A,0.179,0.139,0.143
B,0.149,0.143,0.152
C,0.143,0.149,0.153
D,0.14,0.147,0.156
E,0.145,0.141,0.145
F,0.135,0.143,0.15
G,0.138,0.136,0.146
H,0.147,0.134,0.141
,,,
600,,,
Kinetic read 241 (12:00:00),,,
,1,2,3
A,0.18,0.139,0.144
B,0.15,0.142,0.152
C,0.144,0.149,0.153
D,0.141,0.147,0.156
E,0.146,0.141,0.144
F,0.135,0.143,0.15
G,0.138,0.136,0.147
H,0.15,0.134,0.142